リーズナブルにホームページのコーディングいたします,"3,000",111
現役ENG プログラミングのお悩み相談承ります,"2,000",7
Stripeでお困りのことなんでもお答え設定します,"6,500",21
外国人も★プロ日本語教師×編集者が文章添削します,"1,500",78
技術的な質問なんでも承ります,"1,000",9
バックエンド&管理者ページ実装します,"100,000",1
現場のエンジニアがアプリ開発を教えます,"30,000/60分",3
プログラミング環境構築のお手伝いします,"5,000",1
販売数50突破JavaScript悩み相談のります,"10,000",81
元教員がプログラミングを教えます,"3,000/90分",4
Android/iOSアプリの開発を支援いたします,"2,000",43
Web開発・修正・改修のお手伝いします,"5,000",230
現場のプロがウェブ、アプリ、ゲーム制作教えます,"10,000",24
世界で最も人気！ReactでHP作成します,"50,000",0
Webサイトの開発・改修を承ります,"25,000",8
NextjsでのWeb作成、レクチャーをします,"10,000",8
ホームページの開発・修正・改修のお手伝いします,"5,000",18
Webアプリケーション＋フロントエンド教えます,"90,000/90分",1
業務自動化のコンサルテーションをご提供します,"2,500/30分",1
プログラミングのエラーに対応します,"5,000",1
TypeScriptのお悩み解決致します,"2,000",1
ハイエンドなWebとMobileを開発します,"300,000",0
現役フロントエンドエンジニアが転職の相談乗ります,120/分,0
工学博士がプログラミング学習のメンターになります,"200,000",0
60分間 ビデオ通話で質問応えます,"2,500/60分",2
JavaScriptの実装をお手伝いします,"50,000",7
Webプログラミングや環境構築の相談承ります,"30,000",8
プログラミングのサポートチャットをします,"2,000/60分",0
英語学習＋WEB講座５５H2000円程情報あげます,"10,000",0
初心者向けに親切・丁寧にプログラミング教えます,"3,000/60分",0
CSS、JS、WPのご相談を2箇所まで承ります,"2,500",0
Webデザインの勉強法や現場のこと、相談に乗ります,"4,000/60分",0
Web情報のスクレイピングを自動化します,"30,000",0
Excel(エクセル)に関するご質問にお答えします,"2,500",0
translation En <=>Ja翻訳します,"30,000",0
gitとgithubを1時間教えます,"5,000",0
Reactのお悩み解決致しますます,"2,000",0
Reactを1時間みっちり教えます,"5,500",0
Facebookの投稿の改行をサポートします,"2,000",0
JavaScriptを1時間みっちり教えます,"4,000",0
プログラム歴6年以上のプロが解決します,"10,000",48
Youtubeや動画をWebページに埋め込みます,"35,000",0
90分間 ビデオ通話で質問応えます,"3,000/90分",2
現役エンジニアがWebサービスを制作致します,"50,000",0
ウェブ系の相談や開発を承ります,"2,000",0
簡単なWEBアプリケーション開発の指導を致します,"100,000",0
ウェブ開発を教えます,"1,500",0
初心者向けにプロがPHP学習の疑問にお答えします,"1,000",0
初心者向けにプロがJava学習の疑問にお答えします,"1,000",0
初心者向けにプロがC#学習の疑問にお答えします,"1,000",0
初心者向けにプロがSwift学習の疑問に答えます,"1,000",0
修正回数無制限！最安値でECサイト作ります,"160,000",0
バーチャル展示会ます,"1,000,000",0
PHP、java、WEB全般 修正 保守できます,"10,000",0
Japanese Tutorialます,"1,500",0
iPhone / Androidアプリ開発をします,"200,000",0
プロトタイプのアプリ開発致します,"50,000",0
フロントエンドの開発をお手伝いします,"4,000",1
最新フレームワークでホームページ制作します,"10,000",0
未経験からエンジニアを目指す人の相談にのります,"2,000/60分",23
現役SEがプログラミングのお悩み相談に乗ります,"2,000",1
Webシステムの開発・機能追加お手伝いいたします,"10,000",0
ホームページ作成します,"200,000",0
Webサイト、Webアプリの開発お受けします,"10,000",0
修行のため開発費激安、オンラインショップ制作します,"50,000",0
現役Webエンジニアが1ヶ月間技術メンター承ります,"30,000",0
エンジニア未経験歓迎！カナダ現地就職相談のります,100/分,0
初学者向けプログラミング60分教えます,"3,000/60分",0
webサイトの簡易な編集ができます,"2,000",0
Webアプリを作成します,"10,000",0
習慣改善のためのコーチングをします,"8,000/60分",0
Gatsby.jsにて静的サイト制作を行います,"150,000",0
Webサービスの開発請け負います,"60,000",0
プログラミングの環境構築します,"5,000",0
React Native でアプリ開発をします,"20,000",0
React、Nodejsによるシステム開発致します,"10,000",0
工学博士への気軽な質問・相談・技術依頼ができます,"2,000",3
各種言語のプログラムを提供します,"10,000",16
Translation 英日翻訳します,"1,000",0
プログラミングのFAQや支援をやります,"4,500/60分",0
Webサイトのコーディングを承ります,"3,000",1
現役エンジニアがプログラミングのサポートします,"3,000/60分",0
HTML/CSSコーディング代行します,"3,000",0
Webアプリの開発・相談・改修のお手伝いをします,"10,000",5
ポートフォリオサイトのメンターor代行します,"15,000",0
Excelを使ったファイルを作成します,"5,000",0
色々な声をあなたに届けます,"1,000",3
有料テーマによるWordpressの制作承ります,"30,000",0
Javascriptの使い方を教えます,"2,000",0
Redux解説します,"2,500/60分",2
日本語レッスン提供します,"4,000",0
Reactでフロントエンド開発します,"20,000",0
React JSでwebアプリ作成します,"25,000",0
React Nativeでモバイルアプリ作ります,"25,000",0
イラスト、アイコン作成、英語対応します,"2,000",0
マルチリンガルなWebサイトを作成します,"90,000",0
ウェブサイトの制作・コーディングのお手伝いします,"5,000",0
Webサイト制作の方法を教えます,"10,000/60分",0
ウェブサイトリニューアルします,"10,000",1
楽しく丁寧に日本語を教えます,"1,500/30分",0
スタートアップ創業者がプログラミングサポートします,"48,000",0
フロントエンドの悩みを解決します,"5,000",0
初心者の方でもOK！プログラミングをお手伝いします,"2,000",0
コーディングやワードプレス構築でお困りの方助けます,"5,000",0
現役フリーランスエンジニアが相談を受けます,"2,000",1
初心者向け日本語レッスンを提供します,"1,000/60分",0
SPAも対応可能！web制作案件承ります,"30,000",0
お手頃価格レスポンシブ対応コーディングを行います,"3,000",0
JavaScriptをおしえます,"2,000",0
技術相談受けつけます,"5,000",0
Reactjsの開発・サポートを行います,"2,000",0
取材からSEO効果の期待できる記事作成します,"5,000",0
Androidアプリの開発を支援いたしますます,"15,000",0
プログラミングいたします,"10,000",0
アプリ・SPA開発者向け_API設定の外注受けます,"9,000",0
現役エンジニアがプログラミング作成を承ります,"20,000",11
PHPに関するご質問に回答させていただきます,"4,000/30分",4
Webシステムの不具合調査・改修をします,"3,000",5
あなただけのiosアプリ開発します,"10,000",0
デザイナーフレンドリーなVueJSのコツを教えます,"3,500",0
ウェブサイトが遅い原因の調査をします,"3,000",0
ONLINEで日本語学習者に関西弁を教えます,500/30分,0
Webサービスの作り方を電話で解説します,100/分,3
Webサービスの作り方を解説します,"5,000",8
スマホアプリ（主にプロトタイプ）作ります,"80,000",0
実践的なフロントエンド技術のコーチングをします,"1,000/60分",0
Reactコンポーネント作ります,"1,000",0
追加要望版】Reactコンポーネント作ります,"40,000",1
プログラミングに対する悩みを解決します,"3,000",1
Web系の現役エンジニアがプログラムを作ります,"2,000",3
JavaScriptでの困りごとを解決します,"5,000",7
Peach mascot characterます,"4,000",22
未経験からエンジニアを目指す人の転職相談に乗ります,"20,000",0
未経験からエンジニアを目指す人の転職相談に乗ります,"1,500",12
コードレビューやります,100/分,0
プログラミング・情報技術の宿題・課題手伝います,"2,000",1
React Nativeの質問答えます,"2,000",6
ReactNativeソーシャルログインを作ります,"2,000",5
ReactNativeソーシャルログインを作ります,"30,000",0
React Nativeでアプリ開発サポートします,"30,000",0
照明デザイナーがアドバイスします,"2,000",0
照明デザイナーがお部屋の照明選びます,"2,000",15
コーディング作業代行します,"3,000",9
Web制作のご相談承ります,"5,000",0
HTML/CSS/JavaScript 解決します,"5,000",0
WEB系入門HTML CSS JS教えます,"5,000",0
Webアプリケーション作ります,"2,000",0
WebデザインからSEO対策までやります,"50,000",0
React Nativeに関する雑務を引き受けます,"10,000",0
プログラミング勉強の課題を一緒に解決します,"2,000",0
プログラミング学習中のエラーを解決します,"1,000",0
僕の4日間を5万円で売りますます,"2,000",0
,"50,000",0
