Excelマクロでそのお仕事自動化します,"4,000",67
スクレイピングやAPIでデータを自動収集します,"10,000",3
パソコンの自動化ツール作ります,"10,000",22
スクレイピング・業務自動化プログラム開発します,"10,000",2
Pythonによるスクレイピングで業務自動化します,"20,000",18
Excel・GASのお困りごと解決！します,"2,000",5
ExcelVBAで日常業務の自動化をお手伝いします,"2,000",66
個人用ツール作成のご相談から作成まで承ります,"2,000",34
最短5分〜Pythonプログラム作成致します,"3,000",30
サイトのお引越し！WordPress移設します,"5,000",7
Webスクレイピングを行います,"3,000",12
ScanSnapのフィードローラーを交換します,"4,000",61
Excel(エクセル)マクロ(VBA）開発します,"3,000",20
業務自動化でアナタを自由化します,"30,000",10
Pythonでスクレイピング ツールを作成します,"4,500",9
エクセル/Excel苦手なあなたを全力お助けします,"4,000",3
面倒な繰り返しの作業を軽減します,"2,000",33
Pythonでスクレイピングします,"2,000",3
ExcelマクロVBA作成します,"10,000",133
RPA（UiPath）でパソコン作業を自動化します,"2,000",171
Pythonでスクレイピングをやります,"7,000",28
Pythonを使ってスクレイピングします,"10,000",68
"Webページ内容をCSV,Excelデータにします","3,500",22
最新のリストを作成します,"30,000",2
エクセル作業を１クリックで処理するツールを作ります,"2,000",90
Pythonでスクレイピング(情報収集)します,"10,000",6
GASで事務作業を自動化⭐️単純作業を楽にします,"5,000",5
小さいプログラムを書きます,"3,000",19
サイトを監視！任意URLの任意箇所を監視します,"2,500",5
超高速スクレイピングツール開発します,"20,000",2
スプレッドシートの業務を自動化・効率化します,"3,000",2
検索1位へ♪amazon 楽天 SEO設定教えます,"20,000",15
プロのコンサルが本気でSEO内部改善の提案します,"30,000",2
会員様限定☆ECサイトの一括商品登録代行します,"1,500",3
Googleサーチコンソール初期設定・設置します,"3,000",12
現役エンジニアがPythonでプログラミングします,"6,000",64
エクセルにてブラウザ操作自動化ツールを作成します,"5,000",9
Excel VBA スクレイピングソフト作成します,"2,000",26
マクロ フォーマット 資料作成 転記作成対応します,"3,000",57
自動化‼スクレイピング でその作業、効率化できます,"3,000",4
スプレッドシート・GASの自動化ツール作成します,"5,000",13
業務の困りごとをスクレイピングで解決します,"100,000",4
WEBスクレイピングでデータを大量収集します,"5,000",7
Webスクレイピングで大量データ取得いたします,"2,000",1
Excel　VBAで株価スクレイピングできます,"10,000",3
高速スクレイピングツールを開発します,"3,000",3
Windowsアプリケーションの開発を致します,"2,000",1
面倒で時間のかかるPC作業を自動化します,"3,000",1
集客特化型★amazon 楽天 のSEO対策します,"6,000",101
プログラミング環境構築のお手伝いします,"5,000",1
PythonでWebのスクレイピングを実施します,"2,000",4
自動オートパイロット、スクレイピングを提供します,"3,500",9
スクレイピング結果をスプレッドシートに書き出します,"10,000",9
Webサイトから必要な情報を取得します,"2,000",2
現役エンジニアが、ご依頼者様のご要望叶えます,"15,000",12
カラーミーにグーグルサーチコンソールを設置します,"3,000",1
無料RPAツールによる自動化ツール作成代行します,"6,000",4
Amazon商品の画像をすべて自動で取得します,"5,000",3
あらゆるExcel作業を自動化ます,"3,500",3
スクレイピングで情報を取得します,"9,000",7
業務効率化（スクレイピングなど）をお助けします,"7,000",1
UiPath導入支援ます,"3,000/30分",1
業務を効率化するWebサービスを作成します,"10,000",2
MT4自動売買用EA作成代行します,"8,000",7
無料RPAツールの活用・使用方法を教えます,"3,000/60分",28
初心者向けにエクセルの使い方や勉強の相談にのります,"2,500/30分",5
webスクレイピングツールを開発します,"10,000",4
GoogleColabスクレイピングツール作成ます,"5,000",5
PythonまたはGASにてスクレイピングします,"5,000",16
スクレイピング、web情報収集、データ変換をします,"2,500",32
アナリティクス等の設定します,"6,000",14
スピード解決！システム・ホームページの相談乗ります,"2,000",77
Webサイトからあなたの欲しいデータを抜き出します,"3,500",2
サイトの様々な情報をスクレイピングします,"18,000",7
WEBデータを自動収集！スクレイピングします,"5,000",1
WEBデータ自動収集スクレイピングソフト開発します,"5,000",24
難易度上等！ホームページ・WEBサイトを作成します,"10,000",1
ちょっと大きめのWebシステム作成いたします,"100,000",3
学習用に！基本的なアプリのソースコードを販売します,"3,000",1
お客様ご希望のPythonコードを作成します,"3,500",7
お悩みスピード解決!親切丁寧な対応を心がけています,"3,000",338
Amazonの商品リサーチを自動で行います,"30,000",3
Yahooショップの商品リサーチを自動で行います,"30,000",1
GoogleスプレッドシートのGASを構築します,"3,500",14
SEO対策・内部改善修正指示書を納品します,"300,000",81
Excel(エクセル)フォーマット作成します,"2,000",2
サイトからデータ抽出（スクレイピング）を行います,"6,000",4
R/Pythonでデータ分析、統計解析を行います,"9,000",21
Raspberry piの使い方を教えます,"2,000",2
Excelでの困ったを解決します,"2,000",11
スクレイピングツールを作成します,"10,000",1
SNS情報をスプレッドシートにスクレイピングします,"5,000",0
Excel VBAでWEBスクレイピング出来ます,"20,000",33
スクレイピングでWEBページから情報取得します,"19,000",9
ココナラのスクレイピング＆検索ツールを提供します,"5,500",2
Webのクロール(スクレイピング)ツール、作ります,"8,000",2
クローリング(スクレイピング)ツールを作成します,"50,000",8
webスクレイピングソフトの使い方を教えます,"10,000/60分",3
スクレイピングやブラウザ操作等を自動化します,"5,000",15
UiPathによるスクレイピングで業務効率化します,"25,000",0
Pythonでスクレイピングプログラム書きます,"15,000",1
Pythonのプログラム作成します,"50,000",29
エクセルVBAで効率化します,"4,000",1
恋愛系記事1万文字1.5万で書きます,"15,000",14
GASでWebアプリ、システム作成します,"18,000",19
小規模なPythonプログラム作成します,"2,000",3
キーワードからＹｏｕｔｕｂｅの動画検索できます,"10,000",7
初心者向けに親切・丁寧にプログラミング教えます,"3,000/60分",0
EXCEL作業を自動化します,"10,000",2
AMAZONリサーチで独自の売れるリスト提供します,"8,000",2
VBA(マクロ)で欲しいものを作れるようにします,"5,000",1
PC作業の自動化対応します,"2,000",1
サイトの変更を即LINEに通知する仕組み作ります,"8,000",4
好評継続中！簡単なホームページを1万円～で作ります,"10,000",8
Pythonでスクレイピングを実施します,"2,500",3
画像データ収集をPythonで自動化します,"2,500",1
WEBサイトからデータを収集して納品します,"10,000",7
GASを使って業務効率化のお手伝いします,"4,000",18
Googleであらゆるサービスの自動化を行います,"2,500",1
エクセル（VBA）の業務を自動化・効率化します,"3,000",0
RSS全文取得放置系アンテナサイトツール売ります,"10,000",23
現役ITエンジニアがExcelの作業を自動化します,"5,000",4
業務自動化のコンサルテーションをご提供します,"2,500/30分",1
Webスクレイピングのツールを作ります,"100,000",5
Webスクレイピングプログラムを開発します,"60,000",0
スクレイピングソフトを作成いたします,"10,000",11
ネット情報を自動取得！スクレイピング代行します,"2,000",0
Webスクレイピングツールを作成します,"10,000",5
webスクレイピングによるデータ取得を代行します,"2,000",1
Webクローリング/スクレイピングを代行します,"2,000",17
Pythonでスクレイピング・データ加工します,"20,000",22
Pythonを使ったスクレイピングを致します,"5,000",0
コーディングをお手伝いします,"5,000",1
すぐに使える競馬予想AIを提供・レクチャーします,"40,000",0
工学博士が丁寧にプログラミングします,"20,000",0
検索エンジンからサイトや削除したページを削除します,"15,000",15
ExcelVBAで単純作業を自動化します,"2,000",0
Webページの内容csvに変換します,"4,000",6
Webスクレイピングツールを開発します,"7,000",5
ワードプレス用高機能スクレイピングツール売ります,"10,000",1
Excelを使ったWebスクレイピングを作ります,"14,000",9
募集系などツールアプリを作成します,"10,000",2
Python初学者の方の質問・相談に対応します,"3,000",5
GASの困った！に答えます,"2,000/30分",10
住所一覧から郵便番号一覧を作成します,"3,000",2
ExcelマクロVBAサイト検索順位無限検索します,"2,000",0
Web情報のスクレイピングを自動化します,"30,000",0
ExcelマクロVBA作成します,"10,000",0
pythonスクレイピングします,"2,000",0
Webスクレイピング - ※URLリスト作成します,"2,000",2
自動更新するWordPressを構築します,"100,000",0
Webスクレイピングのアプリを作成します,"2,000",0
webサイトの情報を抽出(スクレイピング)します,"15,000",0
Webスクレイピングツールを作成します,"30,000",2
手作業を自動化　スクレイピングツールを作成します,"20,000",5
食べログからデータ抽出（スクレイピング）します,"5,000",1
Webスクレイピングのツール作成します,"7,000",3
WEBサイト上などのデータを取得します,"3,000",0
Pythonソースコードを提供します,"2,000",6
Python(パイソン)でスクレイピングいたします,"5,000",0
WEBスクレイピングのVBAコードを作成します,"70,000",0
Webスクレイピング（データ収集）を代行します,"5,000",13
実績多数！WEBデータをスクレイピングします,"3,000",0
どこよりも早く安くスクレイピングします,"2,000",0
Webサイトのデータ自動取得プログラムを作ります,"2,000",0
Webサイトをスクレイピングします,"10,000",1
Pythonを使ったスクレイピングをします,"10,000",0
Excelにてブラウザ操作自動化ツールを作成します,"2,000",0
スクレイピング、業務省力化・自動化をお手伝いします,"20,000",0
ExcelのプロがVBAでマクロを組みます,"5,000",0
簡単なWebAPIの作成代行します,"2,000",2
追加作業のご依頼承ります,"2,000",1
GASの質問に答えます,"5,000",2
GASによる業務自動化ツール作成します,"7,000",0
エクセルマクロ・VBAで業務改善のサポートをします,"2,000",2
インターネットから膨大なデータを収集します,"2,000",4
指定サイトのデータ抽出のご要望を叶えます,"5,000",0
Google Apps Scriptで自動化します,"30,000",0
ウェブサイトにある大量のデータ収集をします,"7,000",0
即日対応可能！Excelでマクロを組みます,"2,000",0
Webサイトの情報収集を自動化します,"20,000",0
自動化ツールの作成をします,"10,000",0
Excelでのお困りごと、お力になれます,"2,000",0
ブラウザ操作の自動化アプリを制作を承ります,"50,000",0
Pythonを使用したソフトウェア開発お請けします,"1,000,000",0
データ収集を自動化するプログラムを提供します,"15,000",0
そのルーティン業務自動化します,"20,000",0
多様なソフトウェア開発に柔軟に対応いたします,"10,000",0
GoogleAppsScriptで業務自動化します,"8,000",0
Pythonのご相談をお受けします,"1,000",0
RPA(UiPath)でパソコン業務自動化します,"10,000",0
外部SEO対策代行業やってます,"20,000",0
DataStudioにダッシュボード作ります,"10,000",0
ECサイトの商品リサーチを自動で行います,"30,000",0
Pandasを使ったデータ処理をサポートします,"2,500",2
Excelの困り事を1ヵ月間サポートします,"3,000",1
商品再入荷をTwitterでお知らせします,"30,000",0
格安でWebスクレイピングします,"2,000",0
PRTIMESスクレイピングで企業リスト作成します,"5,000",0
せどりリサーチ作業をスクレイピングで自動化します,"5,000",1
スクレイピング技術であなたの情報収集を自動化します,"3,000",0
Pythonを用いたWebスクレイピングができます,"5,000",0
私がブログのアクセス数を増やした方法を教えます,"2,000",1
GASで動くスクレイピングのコードを書きます,"10,000",5
"Excel2,000円ツールを作成します","2,000",17
Web開発、改修、IT関連のお手伝いをします,"2,000",0
有名サイトの人気商品をあなたのお店に登録します,"10,000",18
Web関連オーダーメイドシステム、ツール等作ります,"200,000",13
エクセルの仕事を自動化します,"7,000",0
ホームページの状態監視ツールを作成します,"6,000",0
海外も対応！ツイッター、インスタ運用を自動化します,"50,000",0
デスクトップアプリ開発します,"15,000",0
Pythonプログラムの作成を支援します,"2,000",0
GoogleAppsScriptで業務効率化します,"12,000",0
EXCEL・マクロ・VBAで自動化のお手伝いします,"2,000",0
Python3に関する実装や相談何でも受け付けます,"5,000",3
自動化ツール開発します,"100,000",11
Webスクレイピング(クローリング)します,"5,000",0
スクレイピングツール作成します,"5,000",0
VBAのスクレイピングツールを開発します,"2,000",0
指定されたサイト情報をリスト化します,"2,000",0
WEBサイトのデータをリスト化（CSV)します,"10,000",0
ASINコードから各種情報をスクレイピングします,"2,000",0
webサイトのデータをスクレイピングで収集します,"9,500",0
ウェブサイト/ページの内容をエクセルデータにします,"40,000",0
Pythonを使ってWebスクレイピングをします,"10,000",0
データ取得の自動化、スクレイピング行います,"3,000",0
Webサイトから情報を引出しcsvなどに出力します,"5,000",0
現役SEがWebスクレイピングします,"10,000",0
1サイトに対してのスクレイピングをします,"15,000",0
WEB上のデータをCSV化するツールを提供します,"3,000",0
スクレイピングの相談に乗ります,"6,000",0
スクレイピングでWEBページから情報取得します,"3,000",0
WEB上のデータを収集し、表形式でお渡しします,"2,000",0
WEBサイトから必要な情報を取得しエクセル化します,"2,000",0
格安/Pythonスクレイピングでデータ収集します,"2,000",0
競艇のレース結果をVBAでスクレイピングします,"7,000",3
Webスクレイピング・ツールを作成します,"2,000",10
Webスクレイピングで情報を取得します,"6,000",0
Pythonでご希望のプログラムを作成します,"2,000",0
Webスクレイピングで必要な情報を取得します,"4,500",3
ＶＢＡを活用して簡単に株価スクレイピングできます,"10,000",1
取得した情報を各SNSへ通知します,"20,000",0
現役エンジニアがプログラミングで自動化します,"10,000",0
サイト内の任意の箇所を監視します,"10,000",0
Excel(エクセル)作業の自動化を行います,"2,000",0
PythonでExcelデータ加工を効率化します,"5,000",0
高配当株ポートフォリオを自動でメンテナンスします,"10,000",0
技術系のお仕事全般を代行します,"15,000",1
ウェブサイトからデータを集めます,"2,000",0
プロがVBAでなんでも作ります,"3,000",0
スノーボードのチューンナップ方法をお教えします,500,0
リスティング広告を簡単に自動収集します,"2,000",0
Pythonのご相談乗ります,"10,000",3
レポート作成のお手伝いいたします,"3,000",0
大規模なWebシステムを作成いたします,"300,000",1
Python学習に関する記事を書きます,"1,000",0
Googleマイビジネスの上位表示をお手伝いします,"3,000",0
1円／件～！テレアポ＆メール営業リストを作成します,"3,000",0
Googleスプレッドシートの作業の効率化します,"4,000",0
YouTubeチャンネル気になる動画の診断します,"5,000",5
自動化ツールのご相談を承ります,"3,000",0
Pythonでデータ取得作業を自動化します,"3,500",0
Excel/AccessのVBAツールを作成します,"2,000",0
Excel VBA 作成・修正承ります,"5,000",0
指定メールの内容をスプレッドシートへ自動取得します,"15,000",0
Webサイトをスクレイピングします,"20,000",0
WEBデータ、画像収集します,"2,000",0
自動化:web情報をエクセルに書き出します,"8,000",0
スクレイピングシステムの開発を承ります,"10,000",0
ヤフオクの商品リサーチツールを作成します,"30,000",0
Pythonでスクレイピングを教えます,"5,000",40
あなたが欲しい情報を代わりに取得します,"3,000",0
スクレイピングでご希望の情報を取得します,"3,000",0
WEBページから情報取得しますます,"2,000",0
スクレイピングソフトの作り方教えます,"3,000",0
Webスクレイピングの学習法を教えます,"3,500",20
クローラー、スクレイピングの収集ツールを紹介します,"2,000",105
pythonでスクレイピングコードを実装します,"20,000",0
WEBから情報を抽出しCSV等へ出力ツール作成ます,"3,000",12
webページから欲しいデータを抽出します,"2,000",0
SNS運用のお手伝いします,"5,000",0
癒しの機能付きマクロを作ります,"10,000",0
業務自動化であなたの業務を減らします,"2,000",0
Python365日いつでも相談に乗ります,"2,000",0
現役エンジニアがプログラミング学習の相談に乗ります,"1,000/60分",0
Excelで関数・マクロを含む資料作成を致します,"2,000",0
国内の全株データを取得できるプログラムを提供します,"3,000",1
ワードプレス、プラグインの質問に答えます,"3,000",16
Pythonの各種相談・解説します,"6,000",25
ヤフオク、メルカリ、ラクマ等効率化ツール作成します,"30,000",0
ネットショップ店長さん【60分間】相談にのります,"3,000",8
Excelマクロ(VBA)作成します,"2,000",0
スクレイピングします,"5,000",0
激安で自動Webスクレイピングします,"10,000",2
Pythonでスクレイピング承ります,"15,000",0
WEBスクレイピングツール製造します,"30,000",0
Python-Webスクレイピングをします,"10,000",0
データ収集・WEBスクレイピング請け負います,"10,000",0
スクレイピング定期実行を代行します,"2,000",0
スクレイピング定期実行を代行します,"2,000",0
エクセルマクロ（VBA）でブラウザ操作自動化します,"2,000",22
データ収集スクレイピングツールを作成します,"70,000",0
スクレイピングした情報をSlackへ投稿します,"7,000",0
簡単なWEBスクレイピングするVBSを作成します,"3,000",0
Webスクレイピングで情報を抽出・加工します,"2,000",0
RによるWebスクレイピングと統計解析します,"10,000",0
PythonでWebスクレイピングします,"5,000",0
WEB情報のスクレイピングできます,"2,000",0
pythonによる スクレイピング、教えます,"5,000",0
WEBサイトを巡回して欲しいデータを抜き出します,"10,000",0
スクレイピングによるデータ収集を致します,"5,000",0
依頼主さんの望むプログラムを形にします,"4,000",0
ご希望のウェブサイトからデータをリスト化します,"10,000",0
VBA@Webスクレイピングツール作成を承ります,"5,000",1
VBAで株価スクレイピング（期間指定）できます,"10,000",1
RPA／スクレイピング　ITで作業を自動化します,"5,000",0
既存のVBAマクロ、ツールをC#で作成し直します,"10,000",0
コスメサイトの@コスメ自動収集ツールを販売します,"2,000",0
Youtubeの動画タイトルを自動で取得します,"3,000",0
GASで業務自動化を実現させます,"3,000",0
Aliexpressの在庫管理を自動化します,"7,000",0
楽天市場のデータ集めます,"2,000",0
Yahooショッピングのデータを集めます,"2,000",0
Pythonで今すぐ必要な情報を収集します,"2,000",0
スプレッドシートで自動処理するマクロ作成します,"5,000",36
Web サービス作ります,"33,000",0
Web サービス作ります,"11,000",1
修士卒エンジニアがPythonコードを書きます,"30,000",4
ホームページから自動で情報収集するツール作成します,"8,000",6
既存マクロを修正します,"100,000",1
あなたのページを６位以内に導くＳＥＯ対策致します,"300,000",51
C#　Webスクレイピングします,"2,000",0
webスクレイピングします,"10,000",0
オンライン情報収集・ECサイト運営自動化承ります,"2,000",0
あなたの好きなwebサイトをデータを取得します,"10,000",0
Webスクレイピングツールを作成します,"2,000",1
Webスクレイピングします,"2,000",0
小規模なWEBスクレイピングプログラム作ります,"2,000",0
Instagram10万件までスクレイピングします,"6,500",0
スクレイピング始めました！データ収集やります,"20,000",0
スクレイピングによるデータ収集ツールの作成をします,"10,000",0
Pythonによるスクレイピングノウハウ提供します,"10,000",0
Webデータ収集(スクレイピング)します,"10,000",0
最安3000円から!!スクレイピング行います,"3,000",0
Excellで簡単！スクレイピングツールを作ります,"20,000",0
Python で簡単！スクレイピングツール作ります,"20,000",0
スクレイピングでデータ抽出、前処理、可視化します,"2,000",0
WordPressでスクレイピングサイト構築します,"50,000",0
競馬の過去データ(2020年)1年分を提供します,"1,000",0
スクレイピングやChromeの自動可を承ります,"2,000",0
ExcelVBA開発致します,"10,000",0
ウェブ上のデータ収集いたします,"10,000",1
python歴5年のエンジニアがコード作成します,"5,000",0
ハードウェア・ソフトウェア開発致します,"20,000",1
Webシステムの開発・機能追加お手伝いいたします,"10,000",0
スプレッドシートを用いて作業を効率化します,"2,000",0
Pythonで自動化、機械学習、データ解析します,"5,000",0
プログラミングスクール登録前に！独学サポートします,"1,000/60分",6
東大院出身機械学習エンジニアがAIコンサルします,"3,000/30分",0
自動更新型のキュレーションサイトを構築します,"150,000",0
半自動クローラーによる効率的仕入れ【せどり】ます,"45,000",1
Pythonでスクレイピングプログラムを作ります,"5,000",0
クラウドワークスで案件データ収集します,"2,000",0
perlによるプログラミングのサポートを提供します,"2,000",19
欲しいデータのみを集め、csvファイルにまとめます,"4,000",4
GASによる自動化ツール開発します,"9,000",0
ExcelVBAで工数削減します,"2,000",0
VBAでExcel業務効率化のお手伝いをします,"3,000",0
スクレイピングでサイトの情報を抽出します,"10,000",0
スクレイピングツールを作成いたします,"5,000",0
ウェブスクレイピングの自動化を行います,"2,000",0
Webページの情報を自動取得します,"3,000",0
スクレイピングでWEBページから情報取得します,"2,000",0
Webデータを自動でスクレイピングします,"6,000",0
任意のサイトに対してスクレイピングをします,"3,000",0
webサイトのスクレイピングツールを作成します,"2,000",7
Excelでできるスクレイピングツール作ります,"20,000",0
Windowsアプリケーション作成します,"5,000",5
業務効率化ツール作ります,"30,000",0
エクセルや Web操作等自動化ツールを作成します,"3,000",21
pythonでルーティンワークを自動化します,"3,000",0
在宅事務作業で面倒な作業を代行します,"2,000",0
GoogleAppsScriptで自動化します,"2,000",0
商品情報を抽出代行致します,"20,000",0
副業プログラミングの定番！スクレイピングを教えます,"1,000",0
Python スクレイピングツール作成します,"3,000",0
Web上の情報をスクレイピングします,"3,000",0
Octoparseの使い方を教えます,"5,000",2
Pythonを使ってWebスクレイピングします,"4,000",0
ご依頼のサイトをスクレイピングいたします,"2,000",0
情報・画像収集、ブラウザ操作を自動化します,"2,000",0
データ収集（Webスクレイピング）自動化を行います,"3,000",0
Macのデスクトップアプリ作成します,"5,000",4
プログラム作成＆作業代行します,"2,000",0
あなたのページをグーグル検索エンジン１位にします,"700,000",236
IT・システムの課題をチャットサポートします,"4,000",2
ECサイト等から大量データを収集します,"3,000",0
競馬データをCSVファイルにまとめて納品いたします,"1,000",0
GASの基本を分かりやすくお教えします,"6,000",0
Pythonでサイトをスクレイピングします,"6,000",0
web上の情報をスクレイピングで取得します,"5,000",3
不動産掲載サイトのスクレイピングをします,"20,000",0
サイト情報　収集・リスト化・スクレイピング　します,"5,000",0
webサイト、ネットのデータ収集を自動化します,"10,000",0
メルカリ履歴データをGASで自動取得できます,"10,000",0
WEBページからご希望のデータを取得します,"2,000",0
Web上に存在するデータを自動取得します,"5,000",0
自動化に関する悩みの相談承ります,"2,000/30分",0
事務関連のExcelマクロ作成致します,"2,000",0
Amazon　MWSを使用するツールを作成します,"30,000",4
あなたのExcel困った解決します,"2,000",0
スクレイピングツールを作ります,"5,000",0
Excel VBAでスクレイピングします,"15,000",0
Webスクレイピングツールを作成します,"5,000",0
Pythonを使ったスクレイピングを行ないます,"20,000",0
単純作業、事務作業を効率化ます,"2,000",0
WEBから欲しいデータ取得（スクレイピング）します,"3,000",0
Googleappsscriptで業務自動化します,"10,000",0
WEB情報を取得するEXCELマクロを提供します,"5,000",1
タスク自動化、簡易ソフトウェア等を作成します,"3,000",3
GASで業務効率化のお手伝いをします,"5,000",0
指定ユーザーのTweetをテキストで取得します,"2,000",0
副業向け、キーワードから楽天市場の商品を検索します,"10,000",1
不動産系サイトデータの自動収集ツール作成します,"100,000",0
WEBの情報収集を自動化します,"10,000",0
WEBデータ収集)エクセルによるツールを提供します,"2,000",0
VBAでウェブスクレイピングいたします,"7,000",0
データ収集（スクレイピング）作業を自動化します,"8,000",0
ちょっとしたPythonプログラムを作成します,"2,000",0
Pythonを使いスクレイピング・データ収集します,"9,500",0
ウェブページからデータをスクレイピングで取得します,"10,000",0
Webページの情報を取得します,"2,000",0
自動化して欲しいサービスの相談受けます,"2,000/60分",1
業務改善EXCEL・マクロ作成致します,"2,500",0
Pythonを使用してWebスクレイピングをします,"10,000",0
SNS・Webサイトの情報・データを取得します,"3,000",0
Webサイトの情報を収集し、CSV化します,"5,000",0
windowsとmacで使えるアプリを制作します,"50,000",0
SEO内部対策の指示書をPDFでお渡しします,"150,000",0
Pythonさんでスクレイピング情報収集します,"3,000",0
面倒な作業を自動化させます,"3,000",0
ウェブ上の優良不動産情報を自動判別し毎日配信します,"10,000",0
Pythonプログラミングを教えます,"3,500/60分",0
WEBサイトスクレイピングアプリ作ります,"7,000",0
エクセルツール（VBA・マクロ）作成します,"2,000",0
スクレイピングでデータ収集します,"5,000",0
Webページスクレイピング承ります,"5,000",7
スクレイピング代行します,"5,000",0
専門家がSEOの内部対策レポートを納品します,"10,000",0
エクセルへのコピペ作業をします,"2,000",0
今のプロのSEOのノウハウをお届けします,"40,000",0
GASのプログラム開発を請け負います,"30,000",0
エクセルの自動化マクロを作成します,"2,000",0
オリジナルLINEBot作ります,"4,000",0
自動実行BOTプログラム作成します,"30,000",0
4月限定！超高速スクレイピングツール作ります,"3,000",0
Webサイト上のデータをスクレイピングで取得します,"3,000",0
WEBのデータを自動で取得！スクレイピングします,"2,000",0
素早く丁寧な「Webスクレイピング」を行います,"10,000",0
Pythonを使ってスクレイピングします,"100,000",0
Webデータ取得スクレイピングツールを作成します,"19,000",0
スクレイピングを定期実行します,"3,000",0
Pythonでのプログラミングやります,"50,000",0
Pythonによるスクレイピングコード作ります,"2,500",0
スクレイピングプログラム作成します,"20,000",0
スクレイピングの自動化をします,"50,000",0
面倒な作業をプログラミングで効率化します,"3,000",0
どのようなサイトでも自動化(スクレイピング)します,"5,000",0
スクレイピングでWebサイトの情報取得を行います,"5,000",0
格安でDiscordBot製作・運営代行します,"2,000",0
WEBデータ自動収集等、煩雑な作業全て自動化します,"2,000",0
Webサイトのデータ収集、代行します,"3,000",0
VBA作成します,"6,000",0
事業活動を自動化します,"5,000",0
ScrapeStormのタスクファイルの作成します,"2,000",0
物販補助ツール作成します。ます,"15,000",0
新規スクリプト作成承ります,"6,000",0
Webスクレイピングで必要な情報を収集します,"5,000",0
Webスクレイピングでデータ収集を自動化します,"5,000",0
Webスクレイピング代行します,"2,000",0
HPから自動で画像を保存するプログラム売ります,"7,000",9
最安値！Pythonでスクレイピング引き受けます,"2,000",0
Webサイトからあなたの欲しい情報を自動収集します,"3,000",0
Pythonスクレイピングツールサポートします,"2,000",0
Webスクレイピングツールを作成いたします,"16,000",0
メルカリの出品、販売管理が簡単にできます,"3,000",1
コーディングします,"2,000",0
指定HPからの情報収集（スクレイピング）致します,"2,000",0
SEO内部対策：サイトマップXMLの作成代行します,"3,000",20
ヤフオクスクレイピングプログラム作成します,"30,000",1
指定のサイトからpyhonで特定の情報を抽出します,"10,000",0
運営0円ホームページを制作します,"30,000",0
Excel VBAやマクロツールを作成いたします,"4,000",0
Web上の情報を自動収集しデータをお渡しします,"10,000",0
Excelマクロ(VBA)組み込みます,"10,000",0
面倒な仕事を自動化します,"2,000",0
ASINコードや価格情報を取得します,"5,000",2
Pythonのスクレイピングによりデータ収集します,"3,000",0
Webから欲しい情報を抽出・スクレイピングします,"10,000",0
Pythonでプログラミングします,"3,000",0
スクレイピングします,"10,000",0
WEBサイトの情報を抜き出します,"5,000",0
スクレイピング請負います,"2,000",0
地名＋業種名で、あなたのページを１ページに導きます,"2,000",0
記事の品質向上・維持に！準備シートを販売します,"200,000",175
サイトを上位表示【SEO対策50本】被リンクします,"1,000",0
あなたのページを間違いなく２ページ目にアップします,"3,000",1
SEO対策/内部改善施策レポートを納品します,"120,000",8
Webページの情報収集、情報取得します,"5,000",5
GASを用いたLine BOTの構築を行います,"10,000",7
1日1件(アプリ)ソースコード提供します,"35,000",1
SEOのプロが選ぶ中古ドメインを厳選して紹介します,"12,000",0
業務改善をシステム＆ITで行います,"3,000",54
webサイトの情報をpythonで瞬間取得します,"2,000",1
Webデータの自動収集（スクレイピング）を致します,"8,000",0
スクレイピングでWeb上の情報収集を行います,"3,000",0
ウェブスクレイピング（csv出力）のコード書きます,"2,000",0
スクレイピングサービス開発します,"3,000",0
Webサイトから欲しい情報を一瞬で抽出します,"100,000/90分",1
SEO対策／内部改善チューニング指示書を納品します,"30,000",2
Webページから希望の情報をスクレイピングします,"15,000",0
面倒な業務処理をプログラミングの力で解決します,"5,000",0
パソコン作業をお引き受け致します,"10,000",0
株価取得ツール作成代行します,"2,000",0
簡単なプログラミングを承ります,"5,000",0
WEBサイトの情報をスクレイピングいたします,"2,000",0
Excelの悩みお助けします,"2,000",0
スクレイピングします,"2,000",2
提供済みスクレイピングの改修します,"10,000",0
WEBスクレイピング承ります,"3,000",1
Excelマクロの自動化ツールを作成します,"3,000",0
Pythonコーディングのお手伝いをします,"2,000",0
SEO対策の資料を提供します,"1,000",7
スクレイピングツールを開発します,"2,000",0
WEBページの情報をCSVやEXCELに集計します,"5,000",0
バイオデータの自動収集・解析のお手伝いをします,"3,000",0
WEBブラウザ自動操作プログラム書きます,"8,000",0
Pythonを使って業務の自動化をします,"10,000",0
,"3,000",0
Webをスクレピングして　CSVファイル化します,"10,000",0
プロがデータ分析/人口知能(AI)について教えます,"3,000",0
格安　Webデータ収集→入力作業をお受けします,"5,000",0
プロがシステム開発します,"10,000",0
Pythonでのスクレイピング限定で受けてみます,"5,000",0
pythonでwebスクレイピングします,"3,000",0
WEBスクレイピングでWEB上のデータを収集します,"3,000",0
スクレイピングによるデータ取得ができます,"10,000",0
PythonによるWebスクレイピングを行います,"6,000",0
pythonでスクレイピングします,"2,000",0
その作業、クリックだけで終わらせます,"30,000",0
Excel集計作業の自動化マクロを作成代行します,"2,000",0
現役エンジニアがエクセルマクロ開発承ります,"2,000",0
スクレイピングでWeb情報を取得しcsv出力します,"5,000",0
webサイトスクレイピングをします,"3,000",0
スクレイピングでweb情報を取得してリスト化します,"2,000",0
Webスクレイピングでデータ作成【csv等】します,"5,000",1
クローリング(スクレイピング)ツールを作成します,"15,000",0
Pythonでスクレイピング致します,"5,000",0
修士エンジニアがPythonでプログラミングします,"4,000",0
様々な言語からサーバー構築まで教えます,"2,000",0
webの欲しい情報をなんでもcsvにまとめます,"2,000",0
スクレイピング、マッハでWEBデータ取得します,"2,000",11
スクレイピングによるデータ収集を請け負います,"2,000",0
Pythonでスクレイピングを行います,"10,000",0
マクロ・VBAで業務効率化します。ます,"2,000",0
"c/c++,pythonでのプログラム作成承ります","2,500",0
Excel VBA マクロ作成・修正します,"2,000",0
PythonやC#のWebスクレイピング対応します,"10,000",0
定型作業・エクセル作業など自動化します,"2,000",1
メーカーサイトの商品情報スクレイプを請負います,"8,000",0
あなたの業務を自動化します,"18,000",0
amazonの情報取得します,"2,000",0
Pythonで色々やります,"2,000",0
Pythonでご要望を実現します,"3,000",0
Pythonでスクレイピングツールを作成します,"15,000",0
お好きなWebサイトのデータ収集を自動化します,"6,000",0
楽天市場のWEBスクレイピングプログラムを作ります,"20,000",0
グーグルスクレイビング承ります,"2,000",0
スクレイピングをします,"2,000",0
Pythonでスクレイピングのコードを書きます,"2,000",0
Excelで集計やグラフ、管理表など作成編集します,"2,000",3
SEO【内部改善】継続コンサル致します,"100,000",0
PythonでWebスクレイピングします,"5,000",0
HTML、CSSでウェブサイトをお作りします,"100,000",0
ご希望のツール、オーダーメイド制作します,"2,000",0
日々のタスクをエクセル、VBAにて業務効率化します,"2,000",1
GASであなたのグーグル関連作業を全て自動化します,"5,000",0
Web情報収集ツール(ExcelVBA)を作ります,"2,000",8
面倒なWebデータの取得を【代行】いたします,"2,500",0
スクレイピングツールを作成して効率化に貢献します,"30,000",0
Webスクレイピングします,"2,000",0
自動化ツール　ご相談・構築受けます,"2,000",0
Webサイトのセカンドオピニオンを行います,"50,000",0
エクセル関数・VBAの使用で作業を効率化します,"2,000",11
早い/安い/丁寧　WPでWEB制作します,"60,000",0
早い/安い/丁寧　WPでWEB制作します,"30,000",0
ランディングページ制作します,"50,000",2
マクロを使って何でも効率化します,"2,000",0
サイトからデータを収集、指定のファイルで納品します,"3,000",0
